CREATE DATABASE CSE_3A_215

CREATE TABLE DEPOSIT(
ACTNO INT,
CNAME VARCHAR(50),
BNAME VARCHAR(50),
AMOUNT DECIMAL(8,2),
ADATE DATETIME)

INSERT INTO DEPOSIT VALUES(
101,'ANIL','VERC',1000,'1995-03-01')

SELECT * FROM DEPOSIT

INSERT INTO DEPOSIT VALUES(
102,'SUNIL','AJNI',5000,'1996-01-04'),
(103,'MEHUL','KAROLBAGH',3500,'1995-11-17'),
(104,'MADHURI','CHANDI',1200,'1995-12-17'),
(105,'PRAMOD','M.G. ROAD',3000,'1996-03-27'),
(106,'SANDIP','ANDHERI',2000,'1996-03-31'),
(107,'SHIVANI','VIRAR',1000,'1995-09-05'),
(108,'KRANTI','NEHRU PLACE',5000,'1995-07-02'),
(109,'MINU','POWAI',7000,'1995-08-10')

CREATE TABLE BRANCH(
BNAME VARCHAR(50),
CITY VARCHAR(50))

INSERT INTO BRANCH VALUES
('VERC','NAGPUR'),
('AJNI','NAGPUR'),
('KAROLBAGH','DELHI'),
('CHANDI','DELHI'),
('DHARAMPETH','NAGPUR'),
('M.G. ROAD','BANGLORE'),
('ANDHERI','BOMBAY'),
('VIRAR','BOMBAY'),
('NEHRU','DELHI'),
('POWAI','BOMBAY')

SELECT * FROM BRANCH

CREATE TABLE CUSTOMERS(
CNAME VARCHAR(50),
CITY VARCHAR(50))

INSERT INTO CUSTOMERS VALUES
('ANIL','CALCUTTA'),
('SUNIL','BARODA'),
('MEHUL','BARODA'),
('MANDHAR','PATNA'),
('MADHURI','NAGPUR'),
('PRAMOD','NAGPUR'),
('SANDIP','SURAT'),
('SHIVANI','BOMBAY'),
('KRANTI','BOMBAY'),
('NAREN','BOMBAY')

SELECT * FROM CUSTOMERS

INSERT INTO BORROW VALUES
(201,'ANIL','VERC',1000),
(206,'MEHUL','AJNI',5000),
(311,'SUNIL','DHARANPETH',3000),
(321,'MADHURI','ANDHERI',2000),
(375,'PRAMOD','VIRAR',8000),
(481,'KRANTI','NEHRU PLACE',3000);

SELECT * FROM BORROW

